<?xml version="1.0" encoding="UTF-8"?>
<project-private xmlns="http://www.netbeans.org/ns/project-private/1">
    <editor-bookmarks xmlns="http://www.netbeans.org/ns/editor-bookmarks/2" lastBookmarkId="0"/>
    <open-files xmlns="http://www.netbeans.org/ns/projectui-open-files/2">
        <group>
            <file>file:/C:/Users/Doblas/Documents/NetBeansProjects/SM.CDS.Biblioteca/src/sm/cds/graficos/NewFigura.java</file>
            <file>file:/C:/Users/Doblas/Documents/NetBeansProjects/SM.CDS.Biblioteca/src/sm/cds/graficos/NewFigCerrada.java</file>
            <file>file:/C:/Users/Doblas/Documents/NetBeansProjects/SM.CDS.Biblioteca/src/sm/cds/graficos/NewCurva.java</file>
            <file>file:/C:/Users/Doblas/Documents/NetBeansProjects/SM.CDS.Biblioteca/src/sm/cds/newLienzo2D/NewLienzo2D.java</file>
            <file>file:/C:/Users/Doblas/Documents/NetBeansProjects/SM.CDS.Biblioteca/src/sm/cds/graficos/NewTrazo.java</file>
        </group>
    </open-files>
</project-private>
