<?xml version="1.0" encoding="UTF-8"?>
<project-private xmlns="http://www.netbeans.org/ns/project-private/1">
    <editor-bookmarks xmlns="http://www.netbeans.org/ns/editor-bookmarks/2" lastBookmarkId="0"/>
    <open-files xmlns="http://www.netbeans.org/ns/projectui-open-files/2">
        <group>
            <file>file:/C:/Users/Doblas/Documents/NetBeansProjects/Practica_Final/src/practica_final/VentanaInternaImagen.java</file>
            <file>file:/C:/Users/Doblas/Documents/NetBeansProjects/Practica_Final/src/practica_final/VentanaInternaCamara.java</file>
            <file>file:/C:/Users/Doblas/Documents/NetBeansProjects/Practica_Final/src/practica_final/VentanaPrincipal.java</file>
            <file>file:/C:/Users/Doblas/Documents/NetBeansProjects/Practica_Final/src/practica_final/Practicafinal.java</file>
            <file>file:/C:/Users/Doblas/Documents/NetBeansProjects/Practica_Final/src/practica_final/VentanaInternaVideo.java</file>
        </group>
    </open-files>
</project-private>
